{"ecmp_stddev_gbps": 3.8465634904814675e-05, "ecmp_mean_gbps": 0.0007604807753384829, "gff_stddev_gbps": 3.976012993593052e-05, "gff_mean_gbps": 0.000751535330410108}