{"ecmp_stddev_gbps": 3.821169883518148e-05, "ecmp_mean_gbps": 0.0006083031301621768, "gff_stddev_gbps": 2.5445918075448605e-05, "gff_mean_gbps": 0.0006015746025700198}