{"ecmp_stddev_gbps": 4.66631277092823e-05, "ecmp_mean_gbps": 0.0008550104947898698, "gff_stddev_gbps": 2.1287290399388884e-05, "gff_mean_gbps": 0.0006696813293168947}