{"ecmp_stddev_gbps": 3.075473947188725e-05, "ecmp_mean_gbps": 0.0006998810390583664, "gff_stddev_gbps": 3.766995561829383e-05, "gff_mean_gbps": 0.0005869376709394349}