{"ecmp_stddev_gbps": 2.74936853684862e-05, "ecmp_mean_gbps": 0.0005673194669653289, "gff_stddev_gbps": 2.125870737443652e-05, "gff_mean_gbps": 0.0005659834598518874}