{"ecmp_stddev_gbps": 3.559568227424755e-05, "ecmp_mean_gbps": 0.000583300193711647, "gff_stddev_gbps": 3.193378619699661e-05, "gff_mean_gbps": 0.0007474891061438831}