{"ecmp_stddev_gbps": 2.591986480129018e-05, "ecmp_mean_gbps": 0.0006499611473984352, "gff_stddev_gbps": 4.405425021527711e-05, "gff_mean_gbps": 0.0009533521964424533}