{"ecmp_stddev_gbps": 3.600086220339047e-05, "ecmp_mean_gbps": 0.0006063409005137876, "gff_stddev_gbps": 2.7338445273044407e-05, "gff_mean_gbps": 0.0005103136418430072}