{"ecmp_stddev_gbps": 3.6421979245308975e-05, "ecmp_mean_gbps": 0.0007079524507984997, "gff_stddev_gbps": 2.3695785732396775e-05, "gff_mean_gbps": 0.0006204372912500095}