{"ecmp_stddev_gbps": 3.603862848214709e-05, "ecmp_mean_gbps": 0.0006265020131805848, "gff_stddev_gbps": 2.1208222242781528e-05, "gff_mean_gbps": 0.0004903121935421612}