{"ecmp_stddev_gbps": 3.1227553854327314e-05, "ecmp_mean_gbps": 0.0005573097594454306, "gff_stddev_gbps": 2.301876927602713e-05, "gff_mean_gbps": 0.0005203691957467146}