{"ecmp_stddev_gbps": 3.350270021413484e-05, "ecmp_mean_gbps": 0.0006881351034120835, "gff_stddev_gbps": 3.64315500052791e-05, "gff_mean_gbps": 0.0006590066230519967}