{"ecmp_stddev_gbps": 4.0880616188872206e-05, "ecmp_mean_gbps": 0.0006961024892832926, "gff_stddev_gbps": 2.2968888047380177e-05, "gff_mean_gbps": 0.0005096095782415222}