{"ecmp_stddev_gbps": 4.2521326793772986e-05, "ecmp_mean_gbps": 0.0006362822196453928, "gff_stddev_gbps": 2.7911490073008722e-05, "gff_mean_gbps": 0.0007044056882230095}