{"ecmp_stddev_gbps": 5.0214074520834515e-05, "ecmp_mean_gbps": 0.0006531012227069624, "gff_stddev_gbps": 2.6141609315536102e-05, "gff_mean_gbps": 0.0006651943110347986}