{"ecmp_stddev_gbps": 3.203607490506002e-05, "ecmp_mean_gbps": 0.0007252220049846462, "gff_stddev_gbps": 1.9377727080126992e-05, "gff_mean_gbps": 0.0006838707810648987}