{"ecmp_stddev_gbps": 1.935490997464004e-05, "ecmp_mean_gbps": 0.0005327457041593788, "gff_stddev_gbps": 2.8637169807563336e-05, "gff_mean_gbps": 0.0006249785801068408}